"id","email","password","nama_pengguna","no_telepon_recovery"
1,"Estel.Mitchell62@hotmail.com","2Ro0dL1H0hX0y1p","Lucy Blick","1-828-586-5262"
2,"Ofelia.Gulgowski@gmail.com","KjaTUk1HxQIHjhL","Iris Green","(612) 471-0886"
3,"Camylle_Kihn@yahoo.com","Ln6FqGbRpWnPmGp","Clay Lemke","1-279-572-8645 x753"
4,"Tiara_Crona@hotmail.com","nnDwuj9c50As3Sm","Hector Roberts DDS","886-772-4381 x9855"
5,"Jeanie.McClure@hotmail.com","aROE7NnAqZFd05_","Miss Ruth Krajcik","(821) 959-5764 x857"
6,"Charley_Howe0@hotmail.com","Vds2zZ0hxi2A1uq","Willie Rath Jr.","1-236-238-3851 x854"
7,"Barney93@yahoo.com","61tjV9Czr5k1vcP","Angel Brakus-Casper","478-383-6251"
8,"Gregg73@gmail.com","mUlyz02q_yb3UaJ","Mrs. Shelia Cormier","(456) 231-9294 x769"
9,"Pascale89@gmail.com","clilhahXSSSbn9o","Meghan Rau V","1-660-595-7447 x4681"
10,"Birdie_Mueller@hotmail.com","xIKBsfPmgOY4Ny1","Hilda Runolfsdottir","(361) 384-1406 x5639"
11,"Jarrell_Powlowski@yahoo.com","YPw5CdkZrjMU0ps","Tonya Keebler","1-284-314-0268 x577"
12,"Orie.Bergnaum@yahoo.com","xArZGaKmhEEx2c8","Marta Auer","(335) 887-1016 x02616"
13,"Leonardo84@yahoo.com","ZQ1rnYXJBQJlDaw","Katie Kessler DDS","(765) 456-4402"
14,"Etha70@yahoo.com","1cmHmBwH0pHYRtz","Dan Kub","951.999.1716 x097"
15,"Terrell89@hotmail.com","jwQ3aQJEFEtO6kZ","Rogelio Conn","1-998-282-2349 x853"
16,"Macie_Kreiger@yahoo.com","ZHw7l0L9wKjy8cQ","Ms. Rosemarie Rodriguez","519.393.2211 x9968"
17,"Junius74@yahoo.com","FH_X9LkKbgIxBB5","Hazel Yundt-Friesen","1-341-504-1702"
18,"Wilson0@yahoo.com","lITdjmYN31l3xKj","Rochelle Parisian","520-771-3911 x9517"
19,"Ezra_OKeefe0@yahoo.com","GgwgdFMM8bN1XEY","Jana Bartell","240-661-8593 x8566"
20,"Mae.Lowe96@gmail.com","1kS0wa5Zpjl4AqI","Geneva Koch","(225) 780-7609 x53323"
21,"Gloria58@gmail.com","m7PTa2lNus6zM19","Otis Cronin","(302) 230-4838"
22,"Garland_Runte3@yahoo.com","0lbxm_JPJ5XoBNT","Charles Miller","288-310-6354 x86366"
23,"Tanner.Sawayn@gmail.com","Qjv94cjkc7Li4cl","Carmen Dibbert","820.722.5869 x8413"
24,"Kaia_Sawayn5@hotmail.com","QsKZmFWIN_Bsvg5","Johanna Roberts","(335) 749-8785 x8556"
25,"Moises_Abbott@hotmail.com","__JF6VtYtfhGPcK","Tracey Hegmann","418.719.7514 x4856"
26,"Major_McKenzie16@yahoo.com","wV2pMRYlYykL_XY","Penny Mante","200.456.6677 x576"
27,"Brando20@yahoo.com","H87p9DmQesC37oS","Edna Sipes","954-701-9018"
28,"Carli_McKenzie41@yahoo.com","ThgDurVQLgBFl25","Andres Schuster","795.968.3781 x82573"
29,"Rick_Bins@yahoo.com","bTapAZJpWt8_HTz","Tracey Christiansen","740.333.6665 x37752"
30,"Odell54@yahoo.com","80mw9TxDCICF7YQ","Damon Bartoletti-Keebler","790-550-6907 x81928"
31,"Krista_Schiller20@gmail.com","1HOeul9q4LHsBrN","Wm Hackett","1-768-610-8272 x12204"
32,"Kennedy56@yahoo.com","nHdyp2sJ54dduXK","Carl Romaguera","(877) 875-2651"
33,"Kennedi_Bergstrom@yahoo.com","8TdsITDaHEaY42D","Jo Vandervort","372.349.6327 x1921"
34,"Toni45@hotmail.com","o9TTpgOq7eEFi8w","Madeline Klein I","1-584-855-4098"
35,"Imani.Lesch49@gmail.com","puF7K4ePgSquZCl","Roderick McCullough","952-465-4995 x79843"
36,"Ardella_Glover@yahoo.com","4uPhJiutVbpF80j","Mr. Kelly Jones","1-377-364-9992 x029"
37,"Aisha11@gmail.com","DehlOpGDj5M7BDZ","Larry Grant","344-274-5161 x3863"
38,"Stephany73@gmail.com","ZDy3mHaj68uBMYj","Lee Carroll-Quitzon","995.317.9325"
39,"Gino_Herzog59@gmail.com","ko1xNI17BM5Gcfz","Evan Labadie","429-888-6900"
40,"Ward_Pouros-Feeney@yahoo.com","2arVwMSJwdBcqaV","Anita Orn","1-785-957-1065 x586"
41,"Carol85@yahoo.com","mAJ3bAPYDfLssAQ","Veronica Mohr","(776) 567-3164 x307"
42,"Edward57@hotmail.com","Rcf7dJ87gm0m_3R","Pat Deckow","(663) 384-3256 x42022"
43,"Vicky.Hodkiewicz@hotmail.com","i78qa9C20e0AtzB","Darrin Hodkiewicz-Stamm","876-971-8532 x1934"
44,"Ford67@yahoo.com","SrCBbSIVdbIIeEs","Felipe Considine-Mraz I","920-223-5781 x93411"
45,"Isobel_Baumbach@gmail.com","glUCLAj7vLQTH6b","Chester Breitenberg","(522) 670-5172 x951"
46,"Linda_Trantow75@gmail.com","qjq4F72poh_qc2V","Lucy Funk","548.220.7049 x513"
47,"Magnus.Bergnaum5@hotmail.com","PSRg4Zmqz6BeGTy","Dan Langosh","1-925-634-6840 x105"
48,"Miles_Dickinson@gmail.com","IDZowOda4s56a2q","Shawn Morissette","769-417-5610 x715"
49,"Rosendo.Maggio@gmail.com","1KTnwEW43XIYYWS","Rick Wuckert","938.429.8687"
50,"Trudie.Swift40@gmail.com","JE9PB1u5pTUia2y","Wayne Trantow","461-865-6914 x83893"
51,"Armando.McKenzie@gmail.com","wOqHVTrgRLKN16b","Lucas Hayes","966-803-4250 x6659"
52,"Sonya_Zieme-Hilll@gmail.com","oGYKOOAJN74LcsS","Mr. Jerald Schoen","645-823-1442 x9346"
53,"Sid.Kuhlman6@gmail.com","mQaE0ciWcRoQ_7S","Tyler Mante MD","(991) 391-5529"
54,"Jackson.Daugherty93@yahoo.com","d2rdEzhnKUYPpWL","Elsa Russel","(961) 356-3043 x3197"
55,"Dedrick26@gmail.com","S1KR966BlWo5L22","David Harvey III","1-275-310-8008 x49041"
56,"Leif84@hotmail.com","p939MRmlnGm0ohQ","Marilyn Halvorson","(399) 494-1761"
57,"Johnathon8@yahoo.com","uVGJmkW1A8e7nR3","Pearl Wolff","1-231-894-2201 x6059"
58,"Kennedi37@hotmail.com","xTNtTx5y3qlwh4A","Maxine Christiansen","(766) 495-1904"
59,"Nathanial10@hotmail.com","PFNeRx7a2v2q1QU","Ms. Francis Mosciski-Smith","372-504-7329 x670"
60,"Emmitt_Murazik18@yahoo.com","9aRMbSjVp_KAmWR","Shirley Klocko","(613) 653-8448 x72280"
61,"Destin.MacGyver@yahoo.com","YrK1E7pTsO0d2au","Herbert Jacobs","1-378-368-1920 x30571"
62,"Jeanne55@gmail.com","5o4cQyLJDDJ3pA6","Andres Schaefer","291-881-0926 x71107"
63,"Levi.Brakus7@yahoo.com","XK0jvrn5EgFz2Cm","Mr. Dean Wilderman-Barrows DDS","895.364.9226 x2200"
64,"Tod5@hotmail.com","IHrKMsyLSD8GarJ","Martin Schultz","989-615-6832 x2684"
65,"Miller.Stoltenberg@gmail.com","Zv1xnLgXQ0HC22e","Carlton Rogahn","759.459.8944 x236"
66,"Makenna.Spinka14@gmail.com","QdzcrnxhHUjai5M","Noel Connelly","(675) 334-1264 x3610"
67,"Bud_Strosin@yahoo.com","QpdB_pbb1jx9S_h","Gilberto Walker","923.947.4400"
68,"Sydni_Heathcote@hotmail.com","KwWAcnTN2K2p2uj","Tom Muller","(261) 814-2241 x797"
69,"Clyde.Koch@yahoo.com","9FucNtWZUJrxQCj","William Kohler","279.715.9321 x193"
70,"Alberta.Armstrong22@yahoo.com","AUkhbTw6tDKjNeW","Gregory Johns","(585) 488-3875 x97798"
71,"Kyleigh85@gmail.com","hs56Ug9MJiA40lZ","Rosemary Gerlach","(371) 907-7842 x2305"
72,"Bessie27@gmail.com","0PU_JRcq5aI9YVa","Felipe Marks","687-852-2257"
73,"Jenifer2@gmail.com","rKPVuqP5PtJ0CI3","Stacy MacGyver","303-370-3668 x58664"
74,"Jean7@yahoo.com","nhzAtJ3SYZXhtb3","Erin Crooks","817.586.0993 x1615"
75,"Colleen.Price@gmail.com","QSyr67W3nL2ds3H","Mr. Ted Huels","755-356-0647 x811"
76,"Chaya.Spencer49@yahoo.com","zYwu95zhJozMp5G","Carmen Swaniawski","632.419.9149 x29661"
77,"Camylle16@yahoo.com","WLdFYqWb_IM6X4X","Mr. Dewey Grady","246-930-7426 x170"
78,"Agustin26@yahoo.com","v1ukpqyewx7ZYX1","Joanna Wintheiser V","(865) 634-7229 x19081"
79,"Cleve40@hotmail.com","drLHm50gmFrIayl","Valerie Pfeffer","765-510-7079 x223"
80,"Hallie_Glover85@yahoo.com","8EbYuTeCWDTRTkf","Francisco Smitham","585.959.1965 x4585"
81,"Hassan_Lesch@yahoo.com","FagQ68Y0jegrpzg","Ebony Bruen","(694) 700-5431 x21400"
82,"Missouri.Hodkiewicz63@hotmail.com","gv7n1bZeOefbj8F","Ken Jacobi","392-893-9112 x4442"
83,"Ethyl_Koepp@hotmail.com","zw4_xrUTET0Usu5","Marilyn Casper Jr.","743.546.2239 x675"
84,"Rosalee30@hotmail.com","WNyii__mCCWF2oQ","Harry Smith","1-673-569-9138 x7224"
85,"Hettie10@hotmail.com","EJ07ez5OHfpSOu9","Gregg O'Kon-Schmitt","(542) 307-2274 x942"
86,"Kayden_Purdy@yahoo.com","m_faYqW7XPtW1Ll","Maria Dare","1-481-555-3891 x4378"
87,"Wilber.Cummerata9@gmail.com","BXwoec423SH81l5","Richard Goldner","(225) 723-4291 x44334"
88,"Caitlyn22@hotmail.com","eoYVC32VFAzpIVF","Lindsey Hoppe","694-949-7319 x88205"
89,"Lyla.Emard31@gmail.com","a_2_JruRDLz__17","Kristy Daugherty","458-233-6372 x3887"
90,"Elmore.Little58@hotmail.com","8NQJ0aUfichzsfK","Dr. Howard Wyman","1-251-528-0435"
91,"Constance_Davis@hotmail.com","V7SV1_GZg5IN_3u","Mr. Robin Hayes","1-662-763-3872 x8443"
92,"Rosalyn_Lang@gmail.com","ZBVswPEbsaWluUf","Jerome Okuneva","1-516-568-6632 x9488"
93,"Virgie.Gibson@gmail.com","K10iRehVzLPMvEC","Tony Lowe","(929) 445-6834 x73963"
94,"Sarai48@yahoo.com","orL6rfU0aVuERsZ","Carolyn Heidenreich","1-835-648-6688 x682"
95,"Elvie.Emmerich@hotmail.com","v2MxaI0AqetDuUD","David Kertzmann MD","1-834-267-2744 x505"
96,"Emelie5@gmail.com","UUyHbW_Q8hrvh98","Eva Strosin","1-406-290-2569 x7323"
97,"Tressie.Jerde@hotmail.com","w9V7BAMorecOfIj","Alfred Kassulke PhD","1-624-381-0041 x604"
98,"Desiree_Goyette@hotmail.com","Z5OxcvVtIn_NlOM","Willard Wyman","(577) 655-0967 x7504"
99,"Tad_Schumm33@hotmail.com","bC5wAYQkJGNtdda","Bennie Crona","(804) 596-2373 x35645"
100,"Norbert12@gmail.com","rfIv6CuZDhPgCgZ","Clarence Schoen","406.312.5004 x5618"